Country Name,Country Code,Series Name,Series Code,1974 [YR1974],1975 [YR1975],1976 [YR1976],1977 [YR1977],1978 [YR1978],1979 [YR1979],1980 [YR1980],1981 [YR1981],1982 [YR1982],1983 [YR1983],1984 [YR1984],1985 [YR1985],1986 [YR1986],1987 [YR1987],1988 [YR1988],1989 [YR1989],1990 [YR1990],1991 [YR1991],1992 [YR1992],1993 [YR1993],1994 [YR1994],1995 [YR1995],1996 [YR1996],1997 [YR1997],1998 [YR1998],1999 [YR1999],2000 [YR2000],2001 [YR2001],2002 [YR2002],2003 [YR2003],2004 [YR2004],2005 [YR2005],2006 [YR2006],2007 [YR2007],2008 [YR2008],2009 [YR2009],2010 [YR2010],2011 [YR2011],2012 [YR2012],2013 [YR2013],2014 [YR2014],2015 [YR2015],2016 [YR2016],2017 [YR2017],2018 [YR2018],2019 [YR2019],2020 [YR2020],2021 [YR2021],2022 [YR2022],2023 [YR2023]
United States,USA,"School enrollment, tertiary, male (% gross)",SE.TER.ENRR.MA,54.3086318969727,57.4090118408203,60.9704818725586,56.530689239502,55.6341514587402,53.5002593994141,53.4127616882324,55.1347198486328,56.1630897521973,56.8356399536133,57.504638671875,57.1594886779785,57.8092308044434,59.5038681030273,60.7153015136719,61.1069984436035,62.360969543457,63.2152290344238,..,68.2958374023438,68.8436813354492,69.2511825561523,68.4622192382812,..,61.0765113830566,61.6319999694824,..,..,..,..,..,66.9317169189453,..,..,..,..,..,..,..,75.0769119262695,75.3973617553711,75.7590179443359,76.0622711181641,74.9971923828125,74.8950500488281,73.9934616088867,72.8402481079102,68.7112731933594,64.5381774902344,..
United States,USA,"School enrollment, tertiary, female (% gross)",SE.TER.ENRR.FE,43.1207695007324,47.2997817993164,50.4750900268555,51.2817993164062,53.4821510314941,53.9854583740234,55.9316101074219,58.8414916992188,60.6116485595703,60.8598289489746,62.2365608215332,63.0965690612793,65.0269165039062,68.4511108398438,71.9759292602539,74.4884719848633,77.3153305053711,79.0563201904297,..,87.1561279296875,88.3405990600586,90.1269226074219,89.7185974121094,..,80.4031372070312,81.1401062011719,..,..,..,..,..,95.1901626586914,..,..,..,..,..,..,..,103.112609863281,102.599388122559,102.747329711914,102.293800354004,102.011329650879,102.354042053223,102.425331115723,102.956741333008,101.710220336914,94.8502197265625,..
United States,USA,"School enrollment, secondary, male (% gross)",SE.SEC.ENRR.MA,..,..,..,..,87.7746810913086,..,..,94.7742614746094,98.0032196044922,97.1200790405273,98.0499267578125,96.5846405029297,96.5652923583984,96.8429794311523,..,..,95.9004898071289,93.8017272949219,..,95.9156494140625,96.1632766723633,93.2337036132812,93.5982284545898,..,92.3996963500977,..,..,..,..,..,..,94.2021102905273,..,..,..,..,..,..,..,96.0696334838867,96.3625335693359,97.1537170410156,99.0528335571289,99.1985168457031,99.7356567382812,100.902122497559,101.560943603516,101.046821594238,96.351806640625,..
United States,USA,"School enrollment, secondary, female (% gross)",SE.SEC.ENRR.FE,..,..,..,..,88.334831237793,..,..,95.9419097900391,98.9885330200195,97.8839492797852,98.2276992797852,96.0945663452148,97.2987899780273,97.8305587768555,..,..,96.2167282104492,96.0765533447266,..,96.6296615600586,96.1996002197266,95.2838897705078,94.3265914916992,..,96.7033767700195,..,..,..,..,..,..,95.9484786987305,..,..,..,..,..,..,..,96.3090591430664,97.5130462646484,98.1735763549805,98.4747085571289,98.695556640625,98.7960586547852,99.189453125,99.4142990112305,101.344367980957,98.6511611938477,..
United States,USA,"School enrollment, primary, male (% gross)",SE.PRM.ENRR.MA,..,..,..,..,..,..,..,101.38623046875,104.196647644043,104.962257385254,103.593467712402,102.652450561523,103.043228149414,103.899147033691,..,..,105.706802368164,105.246528625488,..,105.295822143555,104.647201538086,105.65714263916,104.600578308105,..,100.856559753418,100.012359619141,..,..,..,..,..,102.411376953125,..,..,..,..,..,..,..,99.859748840332,99.8374404907227,100.312042236328,101.445777893066,102.204460144043,101.314239501953,100.634078979492,100.546607971191,98.5913619995117,96.9589233398438,..
United States,USA,"School enrollment, primary, female (% gross)",SE.PRM.ENRR.FE,..,..,..,..,..,..,..,101.118949890137,103.654968261719,102.927558898926,103.213012695312,103.041763305664,103.018730163574,102.354927062988,..,..,105.232681274414,103.699897766113,..,103.60327911377,103.991622924805,104.879981994629,103.547813415527,..,103.561233520508,102.839881896973,..,..,..,..,..,101.310600280762,..,..,..,..,..,..,..,99.0333786010742,99.502082824707,100.287261962891,101.276412963867,101.421997070312,101.19637298584,101.343742370605,100.054336547852,98.0067672729492,96.9851684570312,..
United States,USA,"School enrollment, preprimary, female (% gross)",SE.PRE.ENRR.FE,..,..,..,..,..,..,..,51.1839294433594,51.3566513061523,55.2304496765137,..,..,62.1956214904785,61.0014686584473,58.8904304504395,59.977180480957,59.9421195983887,64.0547332763672,..,..,..,67.9955673217773,70.5953063964844,..,..,..,..,..,..,..,..,69.3330383300781,..,..,..,..,..,..,..,71.4453887939453,65.3992919921875,71.3406677246094,71.7789611816406,73.1509704589844,72.7014923095703,71.344856262207,72.5665130615234,..,..,..
United States,USA,"School enrollment, preprimary, male (% gross)",SE.PRE.ENRR.MA,..,..,..,..,..,..,..,53.6375885009766,53.9903793334961,54.0178909301758,..,..,60.2517395019531,63.0343818664551,64.3721237182617,60.9702301025391,61.9328689575195,66.0038070678711,..,..,..,71.108642578125,71.6112594604492,..,..,..,..,..,..,..,..,71.6500091552734,..,..,..,..,..,..,..,71.5992813110352,64.1919021606445,72.68505859375,72.0889587402344,72.7267074584961,71.6148834228516,73.0449981689453,72.2323837280273,..,..,..
United Kingdom,GBR,"School enrollment, tertiary, male (% gross)",SE.TER.ENRR.MA,20.9906406402588,22.7705707550049,23.2697296142578,23.4610900878906,23.3553504943848,23.368839263916,22.9178009033203,23.2414093017578,23.3736801147461,23.2913799285889,23.3583393096924,23.2845706939697,23.6595306396484,24.395959854126,25.1213493347168,26.1194801330566,27.6521091461182,30.0100803375244,33.9598503112793,38.43505859375,43.4300918579102,48.9479789733887,51.7504806518555,53.3675804138184,53.4906997680664,55.8593406677246,52.5522613525391,51.908748626709,54.2513198852539,53.616081237793,50.4079399108887,50.139949798584,50.0908393859863,49.9436302185059,48.8149185180664,50.5867691040039,51.5283508300781,51.0654983520508,50.9093589782715,49.2081718444824,49.1914710998535,48.7775611877441,49.763069152832,50.6674118041992,51.7610015869141,55.2570991516113,58.9949188232422,65.4990081787109,69.3536529541016,..
United Kingdom,GBR,"School enrollment, tertiary, female (% gross)",SE.TER.ENRR.FE,11.950119972229,13.252010345459,13.6495895385742,13.6781196594238,13.4897003173828,13.526309967041,13.6416997909546,13.855170249939,14.3223896026611,18.895959854126,19.1802101135254,19.4118309020996,20.3028507232666,21.5173606872559,22.4312400817871,23.5784606933594,25.8402900695801,28.7134494781494,33.1196784973145,38.663688659668,44.4240303039551,51.7997207641602,53.6198081970215,58.2025909423828,60.3961791992188,64.2477722167969,62.2426300048828,63.1547203063965,68.1401062011719,69.4816131591797,68.7529220581055,68.654899597168,68.4670333862305,67.8979873657227,66.1642227172852,67.713737487793,68.3310012817383,67.8710403442383,67.8665618896484,65.2493591308594,65.1182327270508,65.4824066162109,67.9177093505859,70.1862487792969,72.1610794067383,77.3067626953125,81.6244506835938,88.90087890625,96.7174377441406,..
United Kingdom,GBR,"School enrollment, secondary, male (% gross)",SE.SEC.ENRR.MA,79.5210876464844,80.1377182006836,80.7948226928711,81.3379898071289,81.2246398925781,81.2276382446289,80.8585586547852,80.9994506835938,81.6966400146484,82.5189971923828,82.5494079589844,82.6404037475586,82.6768264770508,83.0551681518555,83.1849822998047,83.9207077026367,85.2742919921875,87.7055130004883,89.9542465209961,100.886840820312,101.422523498535,100.937980651855,99.3127365112305,97.0575714111328,96.9471282958984,99.7466278076172,100.501892089844,100.625457763672,101.827346801758,100.73072052002,104.080543518066,104.889892578125,97.6089096069336,97.0441131591797,98.1302108764648,100.178993225098,103.237701416016,93.6342391967773,92.1421432495117,122.662261962891,125.644187927246,123.667602539062,..,123.531723022461,118.277450561523,115.359802246094,112.37574005127,111.033027648926,110.18335723877,..
United Kingdom,GBR,"School enrollment, secondary, female (% gross)",SE.SEC.ENRR.FE,80.4465103149414,81.2411117553711,82.0850219726562,82.8723220825195,82.8977508544922,83.3185577392578,83.2602996826172,83.8227081298828,84.7081985473633,85.5790481567383,85.6072769165039,85.5928573608398,86.3158416748047,85.8152465820312,85.843879699707,86.681770324707,88.2769775390625,90.8964691162109,93.2786026000977,100.107269287109,101.109169006348,101.158683776855,99.9301834106445,98.1831436157227,98.2667770385742,101.122718811035,101.950538635254,101.895767211914,103.456398010254,103.657890319824,105.84252166748,106.555961608887,99.3597717285156,98.5470428466797,99.5322036743164,101.100021362305,103.682922363281,94.711669921875,92.6368408203125,128.694458007812,131.064086914062,127.840522766113,..,127.923767089844,122.094909667969,118.850326538086,116.058609008789,115.144752502441,113.725547790527,..
United Kingdom,GBR,"School enrollment, primary, male (% gross)",SE.PRM.ENRR.MA,104.773681640625,104.733436584473,105.040893554688,105.087913513184,105.036437988281,105.186248779297,105.303833007812,105.040802001953,104.869148254395,105.099822998047,105.895919799805,104.111450195312,104.005493164062,103.629417419434,103.401229858398,102.569366455078,102.940223693848,103.172119140625,103.617126464844,..,..,..,..,..,100.321617126465,100.437561035156,100.537818908691,100.880302429199,100.660110473633,100.549896240234,105.929176330566,105.82689666748,104.059013366699,102.904350280762,105.941223144531,105.564208984375,105.96875,105.14949798584,105.830352783203,105.428779602051,99.9218521118164,99.7828369140625,99.4940872192383,99.3672790527344,99.2865829467773,99.1583709716797,98.5945587158203,102.199836730957,98.4736099243164,..
United Kingdom,GBR,"School enrollment, primary, female (% gross)",SE.PRM.ENRR.FE,104.46263885498,104.530059814453,104.941627502441,105.156112670898,105.276458740234,105.554023742676,105.782043457031,105.58943939209,105.488693237305,105.609100341797,105.906089782715,104.44970703125,104.196548461914,103.773368835449,103.509727478027,102.895378112793,103.281341552734,103.865837097168,104.002258300781,..,..,..,..,..,100.317176818848,100.59831237793,100.63703918457,100.971603393555,100.711959838867,100.633613586426,105.937881469727,105.762718200684,104.645713806152,103.295936584473,105.51734161377,105.265823364258,105.363639831543,104.91185760498,105.829238891602,105.331489562988,99.8664703369141,99.7889785766602,99.5013809204102,99.3302307128906,99.2399291992188,99.1023330688477,98.588623046875,102.15885925293,98.5782012939453,..
United Kingdom,GBR,"School enrollment, preprimary, female (% gross)",SE.PRE.ENRR.FE,..,..,34.3261184692383,..,..,..,..,..,..,45.118709564209,48.6800193786621,47.6455307006836,47.6346702575684,48.2911491394043,47.9440498352051,47.7333488464355,50.6438102722168,51.9453811645508,52.7679595947266,..,..,..,..,..,75.728141784668,76.976806640625,79.8925323486328,81.144416809082,82.4500732421875,77.2404632568359,59.466381072998,71.9622802734375,72.9404602050781,73.9445114135742,80.6099014282227,80.3469467163086,83.3799362182617,85.0882797241211,84.2585372924805,77.3859100341797,87.1772766113281,99.1373519897461,110.271759033203,106.279197692871,107.104820251465,105.84504699707,105.839157104492,..,..,..
United Kingdom,GBR,"School enrollment, preprimary, male (% gross)",SE.PRE.ENRR.MA,..,..,34.1462783813477,..,..,..,..,..,..,45.3013000488281,48.7308807373047,52.4353294372559,50.3677597045898,48.1220512390137,47.7769584655762,47.6882286071777,50.3726081848145,51.8164596557617,52.730899810791,..,..,..,..,..,75.7676773071289,76.9656524658203,79.8349533081055,81.3559036254883,82.2483825683594,76.8367004394531,59.3247604370117,70.1354293823242,71.0143737792969,71.8665924072266,79.0434494018555,79.2001724243164,80.2131271362305,84.7532806396484,83.6933364868164,81.1379165649414,87.3199005126953,103.260719299316,110.398391723633,106.490478515625,107.173233032227,105.914031982422,105.690063476563,..,..,..
China,CHN,"School enrollment, tertiary, male (% gross)",SE.TER.ENRR.MA,0.442900002002716,0.584150016307831,0.729480028152466,0.818889975547791,0.96272999048233,1.49849998950958,1.89812004566193,..,..,..,..,..,..,..,..,..,..,..,..,..,4.91562986373901,..,..,..,..,..,..,..,..,15.6570596694946,17.6850490570068,19.3510093688965,20.917329788208,21.4805698394775,21.4555797576904,22.5857391357422,24.2547092437744,25.4103908538818,27.5988006591797,30.5349502563477,40.4463996887207,43.2803916931152,44.9842185974121,46.5752296447754,48.5296096801758,51.3719596862793,56.4902000427246,61.7755317687988,66.7435302734375,..
China,CHN,"School enrollment, tertiary, female (% gross)",SE.TER.ENRR.FE,0.205449998378754,0.311419993638992,0.36956000328064,0.422710001468658,0.41236999630928,0.498659998178482,0.630990028381348,..,..,..,..,..,..,..,..,..,..,..,..,..,2.58348989486694,..,..,..,..,..,..,..,..,13.040470123291,15.8110399246216,17.7001705169678,20.0701198577881,21.4094104766846,22.2897891998291,24.0206508636475,26.4230308532715,28.3566093444824,31.2501907348633,35.261100769043,47.7635116577148,52.1568794250488,55.1056098937988,57.3314094543457,60.3231315612793,64.1078262329102,68.9096221923828,73.9217529296875,78.09423828125,..
China,CHN,"School enrollment, secondary, male (% gross)",SE.SEC.ENRR.MA,..,..,68.7428817749023,66.3507308959961,60.4208717346191,54.2977104187012,46.5616798400879,43.3653793334961,38.8574600219727,35.7546691894531,35.3033790588379,36.6665916442871,38.2920799255371,40.4988288879395,42.7910690307617,43.7472114562988,44.9014091491699,47.4911918640137,50.0868492126465,52.1878318786621,51.212818145752,52.3312606811523,55.1432914733887,57.4310493469238,..,..,..,63.5907592773438,..,65.153938293457,..,..,73.7276000976562,77.5776596069336,81.6589431762695,86.9233779907227,90.8825988769531,92.0818176269531,92.0829772949219,..,..,..,..,..,..,..,..,..,..,..
China,CHN,"School enrollment, secondary, female (% gross)",SE.SEC.ENRR.FE,..,..,46.5356483459473,47.0875282287598,45.1967315673828,40.2005195617676,33.4511795043945,29.5438499450684,25.9770107269287,24.1696891784668,24.1716499328613,25.6931591033936,26.6985301971436,29.4666194915771,31.3297100067139,32.3966598510742,32.9503898620605,35.5280418395996,38.6514091491699,41.0826187133789,42.5803298950195,44.7639312744141,48.4334106445312,50.8602905273438,..,..,..,60.5072402954102,..,62.8665199279785,..,..,74.7501068115234,79.2062835693359,84.3430099487305,90.8811416625977,92.2622222900391,94.0232086181641,94.724006652832,..,..,..,..,..,..,..,..,..,..,..
China,CHN,"School enrollment, primary, male (% gross)",SE.PRM.ENRR.MA,122.674011230469,123.080001831055,125.550216674805,122.798637390137,118.002616882324,117.910743713379,116.863677978516,119.568031311035,121.929290771484,126.292427062988,129.360565185547,137.24528503418,141.079483032227,143.120880126953,139.477081298828,133.846725463867,125.705711364746,121.430541992188,117.823547363281,115.307601928711,113.348480224609,113.298919677734,111.648406982422,110.801040649414,109.935409545898,..,..,115.044319152832,..,..,..,..,105.82723236084,106.170288085938,107.031509399414,106.312652587891,104.798492431641,103.668113708496,103.147407531738,102.332443237305,97.3457183837891,96.587532043457,96.8032836914062,97.214599609375,97.4092712402344,97.4481201171875,98.2614898681641,98.6439819335938,99.4435501098633,..
China,CHN,"School enrollment, primary, female (% gross)",SE.PRM.ENRR.FE,88.8031768798828,100.724571228027,109.184707641602,107.954170227051,103.374382019043,101.533210754395,100.412216186523,101.569297790527,101.18106842041,103.564071655273,106.441566467285,113.319938659668,121.289413452148,124.989883422852,123.036399841309,119.363212585449,113.581268310547,111.322769165039,109.512748718262,107.972030639648,107.493659973145,109.013069152832,108.940147399902,109.564277648926,109.904037475586,..,..,116.877777099609,..,..,..,..,107.267890930176,107.374938964844,107.894416809082,107.003211975098,105.235740661621,104.104591369629,103.775077819824,103.632888793945,98.6559295654297,97.8198165893555,98.0797805786133,98.7516326904297,99.0615997314453,99.1557006835938,99.9143524169922,100.345199584961,101.01619720459,..
China,CHN,"School enrollment, preprimary, female (% gross)",SE.PRE.ENRR.FE,..,..,..,..,..,..,..,..,..,..,14.2192296981812,16.1924705505371,18.9276599884033,20.5656394958496,21.6748104095459,21.118049621582,20.0603408813477,21.0911502838135,22.0645294189453,22.8696308135986,23.0020198822021,23.9050903320313,25.2971801757813,26.753210067749,40.1196594238281,44.3296585083008,44.0794982910156,44.0770416259766,38.8900108337402,37.9444885253906,..,..,41.1145515441895,43.1414604187012,45.4191284179688,48.6346206665039,52.2912101745605,58.9027900695801,68.2407073974609,73.0357894897461,76.0963897705078,78.8275604248047,82.54248046875,85.099479675293,88.3718719482422,89.1647415161133,90.7343292236328,93.5752716064453,..,..
China,CHN,"School enrollment, preprimary, male (% gross)",SE.PRE.ENRR.MA,..,..,..,..,..,..,..,..,..,..,14.7481203079224,17.547269821167,19.9975700378418,21.4532794952393,23.1462497711182,22.6743392944336,21.7217292785645,21.845890045166,23.2698993682861,24.07493019104,24.2120399475098,25.2174701690674,26.5869598388672,28.1233596801758,41.4329490661621,45.4215202331543,45.5451583862305,45.2511100769043,41.0741081237793,40.3039398193359,..,..,43.8182601928711,46.224781036377,48.542350769043,51.4600982666016,54.851131439209,60.7987899780273,68.445068359375,72.5597381591797,76.0497436523438,78.5086822509766,82.2049331665039,84.5364837646484,87.8506927490234,89.0780487060547,90.2746429443359,92.6212310791016,..,..
France,FRA,"School enrollment, tertiary, male (% gross)",SE.TER.ENRR.MA,..,..,..,..,..,25.0456695556641,27.0379390716553,..,27.7636604309082,27.8972606658936,..,28.9914398193359,29.275369644165,29.5255508422852,30.194450378418,32.5459213256836,34.7530517578125,36.3180885314941,38.6348114013672,40.912239074707,44.4021415710449,45.6294403076172,47.7554588317871,48.2413902282715,48.3173789978027,47.6845283508301,45.7639694213867,45.8273506164551,45.0830993652344,46.7568588256836,47.7497291564941,47.8665504455566,47.6299514770508,46.7422904968262,46.3992118835449,46.5701904296875,48.7074699401855,49.4734306335449,51.4433288574219,53.4269409179688,54.9566383361816,56.1022682189941,57.9709587097168,58.8311195373535,60.221549987793,60.2067489624023,60.1128082275391,60.2876205444336,61.4354400634766,..
France,FRA,"School enrollment, tertiary, female (% gross)",SE.TER.ENRR.FE,..,..,..,..,..,23.9252605438232,23.6021099090576,..,26.648250579834,27.545129776001,..,29.6039390563965,30.4125308990479,31.1304206848145,32.5644302368164,37.2722015380859,39.6809501647949,42.4466209411621,46.3633003234863,50.0500984191895,55.1307907104492,57.2343788146973,59.6375389099121,60.5318298339844,59.891429901123,58.4657516479492,55.5665092468262,55.1610488891602,55.499828338623,57.9472503662109,59.2412605285645,59.996898651123,60.2636413574219,59.3123588562012,58.7141609191895,59.1619987487793,61.2457084655762,61.9770202636719,64.5965881347656,66.5081405639648,68.3062973022461,69.7196426391602,71.7322006225586,73.0402526855469,75.1806030273438,75.6418609619141,77.1565780639648,78.1471481323242,80.6858901977539,..
France,FRA,"School enrollment, secondary, male (% gross)",SE.SEC.ENRR.MA,86.2069396972656,81.7679290771484,..,80.3317489624023,79.4982681274414,79.7254104614258,80.1177597045898,76.9486312866211,80.5899887084961,81.5549011230469,..,84.9051513671875,86.2457122802734,87.8530731201172,89.5943222045898,91.4602890014648,94.0125885009766,99.0200500488281,102.006309509277,101.860137939453,111.120109558105,111.736679077148,111.304817199707,111.012329101562,110.632171630859,110.702766418457,105.613571166992,104.490211486816,103.000282287598,102.332740783691,101.949783325195,106.580841064453,106.928840637207,106.601119995117,106.255546569824,106.034080505371,105.910720825195,106.155799865723,105.523818969727,103.786338806152,102.666290283203,102.87670135498,102.894470214844,103.372512817383,103.489868164062,103.987831115723,104.345947265625,104.434661865234,104.080551147461,..
France,FRA,"School enrollment, secondary, female (% gross)",SE.SEC.ENRR.FE,86.5967178344727,87.5303802490234,..,87.2879409790039,87.3128433227539,87.9765701293945,89.0519332885742,92.4237365722656,90.0424880981445,90.8809432983398,..,92.8479614257812,93.7589263916016,94.9487533569336,96.3986206054688,98.1279678344727,100.545600891113,104.459426879883,107.053558349609,106.06462097168,110.710731506348,110.499397277832,110.181457519531,110.118522644043,110.104751586914,110.643951416016,105.565856933594,104.655410766602,103.38053894043,103.231269836426,102.502822875977,106.991889953613,106.926139831543,106.79029083252,106.61882019043,106.454376220703,106.964630126953,107.088279724121,106.117530822754,104.996017456055,104.223556518555,103.941093444824,103.741958618164,104.159187316895,104.071128845215,104.170417785645,104.515426635742,104.394401550293,104.490348815918,..
France,FRA,"School enrollment, primary, male (% gross)",SE.PRM.ENRR.MA,112.204940795898,111.745826721191,106.214683532715,110.461372375488,110.485969543457,110.365249633789,109.606323242188,109.435203552246,110.57935333252,110.911849975586,..,111.035827636719,112.264556884766,110.518218994141,109.032691955566,108.491119384766,108.48770904541,108.351737976074,108.62476348877,108.367721557617,110.150398254395,109.487129211426,109.14412689209,107.36450958252,107.175888061523,106.862579345703,100.884262084961,100.792190551758,100.625900268555,100.338500976562,100.036636352539,105.133781433105,104.85376739502,104.263397216797,104.167762756348,103.5263671875,103.365493774414,102.915328979492,102.552551269531,102.412010192871,101.518463134766,102.300468444824,102.535179138184,102.714942932129,102.763427734375,102.582473754883,103.004570007324,103.056411743164,102.935188293457,..
France,FRA,"School enrollment, primary, female (% gross)",SE.PRM.ENRR.FE,111.94930267334,111.568290710449,115.409538269043,109.454132080078,110.081619262695,108.837371826172,108.465148925781,108.187660217285,108.565223693848,109.157569885254,..,108.917991638184,109.615386962891,108.631622314453,107.580497741699,107.080673217773,106.565063476562,106.716796875,106.863563537598,106.668037414551,107.836143493652,107.405693054199,107.378860473633,106.299072265625,106.175590515137,105.828132629395,99.9500503540039,99.9516906738281,99.8540420532227,99.5940475463867,99.5740432739258,104.11351776123,103.674560546875,103.434463500977,103.048461914062,102.531387329102,102.128540039062,102.45629119873,102.492378234863,102.134307861328,101.031097412109,101.664520263672,101.972618103027,102.105812072754,102.152076721191,102.30638885498,102.448181152344,102.418243408203,102.446769714355,..
France,FRA,"School enrollment, preprimary, female (% gross)",SE.PRE.ENRR.FE,98.3274536132813,99.4177398681641,104.928077697754,104.683639526367,104.29842376709,101.893547058105,100.401649475098,101.241523742676,103.99870300293,109.054817199707,114.94450378418,117.658149719238,118.743812561035,114.69734954834,109.971710205078,106.127510070801,107.611167907715,108.677719116211,109.997291564941,111.340118408203,113.06591796875,113.02027130127,112.5712890625,111.542976379395,110.608108520508,108.907531738281,108.327590942383,108.500282287598,108.197021484375,107.760749816895,106.507621765137,110.088218688965,109.469192504883,108.951889038086,108.316040039063,107.049667358398,105.602882385254,105.405616760254,104.723503112793,104.852470397949,104.136001586914,105.061340332031,105.251510620117,105.844421386719,105.713981628418,105.772438049316,106.011947631836,..,..,..
France,FRA,"School enrollment, preprimary, male (% gross)",SE.PRE.ENRR.MA,97.648323059082,103.602249145508,103.433532714844,104.60075378418,103.718551635742,101.555206298828,100.127380371094,101.009803771973,104.079856872559,109.616012573242,115.706619262695,118.397300720215,119.663177490234,115.324203491211,110.446296691895,106.370941162109,107.961921691895,109.051200866699,109.940559387207,111.125762939453,113.146362304688,113.163948059082,112.85733795166,111.669700622559,110.539772033691,109.009262084961,108.326110839844,108.281219482422,107.659736633301,107.354248046875,106.19669342041,110.179679870605,109.862953186035,109.550140380859,108.838859558105,107.852836608887,106.221321105957,105.898712158203,105.190582275391,104.776229858398,104.21662902832,105.15397644043,105.32527923584,105.899238586426,106.073150634766,106.681671142578,107.280250549316,..,..,..
Germany,DEU,"School enrollment, tertiary, male (% gross)",SE.TER.ENRR.MA,..,..,..,..,..,..,..,..,..,..,..,..,..,..,..,..,..,..,41.0485496520996,45.3634490966797,48.7867889404297,51.3932609558105,52.4099617004395,52.0707206726074,..,..,..,..,..,..,..,..,..,..,..,..,..,..,..,63.0088806152344,66.9179000854492,69.0302963256836,67.1135787963867,67.1148910522461,67.3745574951172,71.3562469482422,70.2061767578125,72.8232421875,..,..
Germany,DEU,"School enrollment, tertiary, female (% gross)",SE.TER.ENRR.FE,..,..,..,..,..,..,..,..,..,..,..,..,..,..,..,..,..,..,30.6611194610596,34.6100692749023,37.610221862793,41.2453117370605,43.9796485900879,45.7116394042969,..,..,..,..,..,..,..,..,..,..,..,..,..,..,..,58.6926918029785,63.3634490966797,67.3877105712891,68.8629608154297,69.9681015014648,71.1426391601562,74.196891784668,74.7936019897461,78.7855529785156,..,..
Germany,DEU,"School enrollment, secondary, male (% gross)",SE.SEC.ENRR.MA,..,..,..,..,..,..,..,..,..,..,..,..,..,..,..,..,..,..,101.04044342041,105.885292053223,105.782241821289,105.246353149414,105.254951477051,105.482208251953,100.622947692871,100.779731750488,99.7256317138672,100.130439758301,101.469337463379,102.056762695312,102.247451782227,102.393692016602,103.679229736328,103.090713500977,104.456169128418,105.815200805664,107.350486755371,107.99600982666,107.15177154541,106.468948364258,105.907691955566,104.799690246582,102.963111877441,103.803497314453,103.851669311523,104.403511047363,104.518516540527,104.173263549805,..,..
Germany,DEU,"School enrollment, secondary, female (% gross)",SE.SEC.ENRR.FE,..,..,..,..,..,..,..,..,..,..,..,..,..,..,..,..,..,..,98.2864532470703,101.878997802734,102.446449279785,102.056999206543,102.330238342285,102.794570922852,97.8488235473633,98.224983215332,98.5004425048828,98.947509765625,100.203979492188,100.351638793945,100.461128234863,100.427360534668,101.229377746582,100.871421813965,101.961143493652,100.680168151855,102.300201416016,102.559692382812,101.587738037109,101.26392364502,100.556137084961,99.435302734375,98.584228515625,98.1771011352539,97.601936340332,97.6850433349609,97.8931121826172,98.0514907836914,..,..
Germany,DEU,"School enrollment, primary, male (% gross)",SE.PRM.ENRR.MA,..,..,..,..,..,..,..,..,..,..,..,..,..,..,..,..,..,..,99.1030731201172,103.338691711426,102.9462890625,102.771858215332,103.016616821289,103.551918029785,105.565460205078,106.21263885498,105.748672485352,106.99089050293,105.258773803711,103.825897216797,103.750511169434,103.465850830078,104.236312866211,104.924919128418,105.329902648926,105.015632629395,104.562942504883,104.573539733887,104.256477355957,103.948486328125,102.894607543945,102.943199157715,101.4375,101.845573425293,102.683731079102,102.543678283691,102.051986694336,101.275581359863,..,..
Germany,DEU,"School enrollment, primary, female (% gross)",SE.PRM.ENRR.FE,..,..,..,..,..,..,..,..,..,..,..,..,..,..,..,..,..,..,100.046859741211,102.513931274414,102.222290039062,102.147727966309,102.244117736816,102.691352844238,104.346672058105,104.828308105469,105.016380310059,106.292358398438,104.565582275391,103.501609802246,103.52906036377,103.414039611816,104.290412902832,104.65518951416,104.8662109375,104.606971740723,104.100631713867,104.249351501465,104.018447875977,103.312103271484,102.334182739258,102.448661804199,101.37281036377,101.625709533691,102.604873657227,102.551483154297,101.938171386719,101.421569824219,..,..
Germany,DEU,"School enrollment, preprimary, female (% gross)",SE.PRE.ENRR.FE,..,..,..,..,..,..,..,..,..,..,..,..,..,..,..,..,..,..,..,89.3354721069336,89.2052001953125,81.8788986206055,86.2853927612305,90.3310928344727,..,..,..,..,..,..,..,..,..,..,..,..,..,..,..,106.89729309082,107.922821044922,108.398590087891,109.434120178223,108.590538024902,108.061630249023,107.422981262207,107.662040710449,..,..,..
Germany,DEU,"School enrollment, preprimary, male (% gross)",SE.PRE.ENRR.MA,..,..,..,..,..,..,..,..,..,..,..,..,..,..,..,..,..,..,..,89.4165115356445,90.0339965820313,84.4828491210938,89.0848236083984,91.4229202270508,..,..,..,..,..,..,..,..,..,..,..,..,..,..,..,108.117820739746,108.70393371582,109.169723510742,110.270088195801,109.635261535645,108.966651916504,108.353141784668,108.381401062012,..,..,..
Sweden,SWE,"School enrollment, tertiary, male (% gross)",SE.TER.ENRR.MA,24.7306995391846,24.3103904724121,33.8522109985352,34.848690032959,37.5943183898926,38.3478202819824,39.1597518920898,..,..,..,..,28.2799797058105,26.9299507141113,26.3719005584717,26.6035594940186,27.4001502990723,28.3724002838135,29.6669502258301,32.3524589538574,34.7911987304688,36.3416595458984,38.1867980957031,41.1573715209961,44.0110282897949,45.6464691162109,54.045539855957,55.3890419006348,56.2208404541016,59.4499015808105,63.7387619018555,65.7089691162109,64.5728912353516,62.6189498901367,59.0538101196289,55.1796913146973,55.3321990966797,58.0390586853027,57.4648399353027,53.9922218322754,51.7453117370605,51.4000205993652,52.6677703857422,53.8001098632812,54.9715690612793,56.2511901855469,56.9276809692383,59.3128089904785,63.7670707702637,62.3110809326172,..
Sweden,SWE,"School enrollment, tertiary, female (% gross)",SE.TER.ENRR.FE,21.2542400360107,21.4157199859619,23.8913707733154,26.2363891601562,30.8135604858398,33.3448905944824,33.9480285644531,..,..,..,..,32.4284286499023,30.984260559082,29.9478302001953,30.6236705780029,32.0776786804199,33.697868347168,36.1819381713867,39.6834907531738,43.2128791809082,45.4452705383301,48.3752708435059,53.0244407653809,57.8792686462402,61.0796012878418,76.3470306396484,80.4116897583008,84.3506774902344,90.6283569335938,97.9474334716797,101.149261474609,99.7067489624023,96.8832015991211,92.5184707641602,87.9278411865234,87.4364318847656,88.8150329589844,87.0713119506836,84.2743988037109,80.5351715087891,79.2230606079102,81.0175628662109,83.7539215087891,87.0724105834961,92.0438690185547,95.3236923217773,101.560722351074,111.16478729248,108.326881408691,..
Sweden,SWE,"School enrollment, secondary, male (% gross)",SE.SEC.ENRR.MA,82.6383819580078,83.4383773803711,76.3788681030273,76.8125076293945,77.7573471069336,81.425537109375,80.066291809082,80.1336975097656,78.4660110473633,79.3039703369141,80.1490173339844,80.3730926513672,..,89.3550415039062,90.6802825927734,89.0078964233398,88.4303283691406,89.226806640625,91.3705520629883,115.084106445312,121.303123474121,123.860328674316,125.965972900391,127.759666442871,138.348907470703,138.468017578125,134.033386230469,131.138885498047,130.4638671875,125.122253417969,99.7659301757812,101.614799499512,101.38941192627,101.199043273926,101.736717224121,101.700469970703,102.754257202148,102.719848632812,103.698631286621,124.478897094727,125.306221008301,128.651458740234,130.059234619141,137.192947387695,134.593017578125,130.757369995117,129.924987792969,131.023376464844,130.388244628906,..
Sweden,SWE,"School enrollment, secondary, female (% gross)",SE.SEC.ENRR.FE,82.6489791870117,83.3076705932617,83.1142578125,82.8672485351562,84.7521591186523,88.0490036010742,88.908576965332,89.2681884765625,89.3245086669922,89.8242416381836,90.9402770996094,90.6104736328125,..,92.81884765625,93.1073608398438,92.5752563476562,92.5697479248047,93.4056396484375,95.4219131469727,131.006103515625,137.094116210938,142.086853027344,147.201034545898,152.159332275391,173.355255126953,174.98454284668,170.504318237305,165.631896972656,158.776672363281,148.485015869141,103.179138183594,101.34204864502,101.008438110352,100.787086486816,101.293617248535,101.153099060059,101.71981048584,101.528671264648,102.479888916016,141.469116210938,142.575439453125,146.889114379883,145.599060058594,148.528549194336,147.598724365234,142.982864379883,143.369766235352,146.834045410156,148.988021850586,..
Sweden,SWE,"School enrollment, primary, male (% gross)",SE.PRM.ENRR.MA,95.8768005371094,96.0092163085938,96.6479110717773,97.3610229492188,98.0759582519531,99.2192535400391,99.3746871948242,99.362907409668,99.0738296508789,98.7534103393555,98.7797088623047,97.9893035888672,98.7064590454102,98.7387084960938,98.915412902832,98.9041290283203,99.3003997802734,99.4523086547852,99.7278289794922,103.277183532715,103.80770111084,104.438293457031,104.509620666504,104.311416625977,107.060516357422,106.122657775879,105.362190246582,105.410972595215,105.759986877441,106.415107727051,100.415672302246,100.529418945312,100.528610229492,100.280639648438,100.324577331543,99.6506195068359,99.3509826660156,97.9101028442383,99.6612319946289,114.899429321289,114.984519958496,117.269378662109,119.833641052246,121.950187683105,122.615348815918,118.238388061523,116.411277770996,113.915168762207,112.68824005127,..
Sweden,SWE,"School enrollment, primary, female (% gross)",SE.PRM.ENRR.FE,96.9973297119141,97.0612030029297,97.5309295654297,97.9963912963867,98.3861389160156,98.9919662475586,99.2336807250977,99.3479080200195,99.0628890991211,99.041389465332,98.892448425293,99.5174026489258,98.6991119384766,98.6874313354492,98.7873611450195,98.8076400756836,99.2420425415039,99.5812072753906,100.046356201172,104.950736999512,105.612747192383,106.24503326416,106.35791015625,106.130821228027,110.967010498047,109.465629577637,108.265350341797,108.32137298584,108.606773376465,109.180297851562,99.8570022583008,100.023719787598,100.068557739258,99.818717956543,99.9405212402344,99.3106994628906,98.9655990600586,97.6549301147461,99.4403305053711,121.546279907227,121.237861633301,122.106079101562,123.155532836914,123.897529602051,124.961067199707,123.095062255859,122.771789550781,120.985420227051,120.383171081543,..
Sweden,SWE,"School enrollment, preprimary, female (% gross)",SE.PRE.ENRR.FE,..,..,..,..,..,..,..,..,..,..,..,..,..,..,..,..,..,..,..,..,66.2672424316406,68.3504333496094,73.1006622314453,73.3539428710938,73.8339614868164,76.1867828369141,73.4298095703125,73.2633895874023,74.8005065917969,81.8517990112305,90.2188568115234,93.3707809448242,96.9950485229492,100.295417785645,96.9493103027344,94.566276550293,95.1020889282227,94.7164077758789,94.6382217407227,94.6761779785156,95.3132095336914,93.8053665161133,94.02001953125,96.0793075561523,96.996337890625,99.0060501098633,99.7805023193359,..,..,..
Sweden,SWE,"School enrollment, preprimary, male (% gross)",SE.PRE.ENRR.MA,..,..,..,..,..,..,..,..,..,..,..,..,..,..,..,..,..,..,..,..,62.8915214538574,64.9027633666992,69.44140625,70.0890197753906,70.6357879638672,75.4014282226563,73.9295196533203,73.9672164916992,75.8993682861328,82.4352188110352,91.4138793945313,94.7274475097656,92.0217514038086,96.6883926391602,97.1693267822266,94.9118499755859,95.293571472168,95.1244430541992,95.0258483886719,95.3249664306641,95.7966690063477,93.9168701171875,94.1366806030273,96.5656585693359,97.6248168945313,100.130180358887,100.966293334961,..,..,..
Russian Federation,RUS,"School enrollment, tertiary, male (% gross)",SE.TER.ENRR.MA,..,..,..,..,..,..,..,39.3893508911133,..,..,..,..,47.4237098693848,..,..,..,..,45.6638984680176,44.0299186706543,41.2961692810059,..,..,..,..,..,..,..,52.3818893432617,55.1992797851562,59.7814712524414,59.0987396240234,61.3175888061523,62.6881904602051,65.3092803955078,66.270751953125,66.4495315551758,..,68.6170501708984,70.7150726318359,73.6397323608398,76.3769378662109,77.6235809326172,77.8922576904297,75.8666687011719,76.9520874023438,76.970703125,55.1193084716797,53.5722389221191,54.4127998352051,..
Russian Federation,RUS,"School enrollment, tertiary, female (% gross)",SE.TER.ENRR.FE,..,..,..,..,..,..,..,52.0651817321777,..,..,..,..,65.704460144043,..,..,..,..,56.8003807067871,53.9665489196777,50.4939498901367,..,..,..,..,..,..,..,68.2121963500977,74.5670394897461,77.8778381347656,80.1631469726562,82.7525482177734,83.7138900756836,86.5100173950195,88.3835983276367,88.9261474609375,..,91.2164306640625,89.6232833862305,90.8059463500977,91.5146331787109,93.2779006958008,92.2695083618164,89.9991836547852,90.6679611206055,89.9702072143555,63.1741485595703,60.8347282409668,58.9166412353516,..
Russian Federation,RUS,"School enrollment, secondary, male (% gross)",SE.SEC.ENRR.MA,..,..,..,..,..,..,..,..,..,..,..,..,..,..,..,..,..,..,..,..,88.3727874755859,..,..,..,..,..,..,..,..,94.4390869140625,88.1757202148438,86.9302215576172,86.9488067626953,87.1292190551758,88.0872268676758,90.9461212158203,..,95.3383331298828,96.5935821533203,97.5850524902344,97.6868286132812,100.027610778809,99.547492980957,101.862312316895,103.508422851562,103.947891235352,95.7396621704102,96.0720367431641,97.202766418457,..
Russian Federation,RUS,"School enrollment, secondary, female (% gross)",SE.SEC.ENRR.FE,..,..,..,..,..,..,..,..,..,..,..,..,..,..,..,..,..,..,..,..,90.081672668457,..,..,..,..,..,..,..,..,94.145637512207,87.3950576782227,85.7472076416016,85.2547225952148,85.1804275512695,85.1971282958984,88.1058731079102,..,93.1777496337891,94.5779495239258,95.8461532592773,95.5949478149414,97.8997802734375,97.9800491333008,99.4330215454102,100.518127441406,101.162101745605,93.2031021118164,93.2006225585938,94.0799713134766,..
Russian Federation,RUS,"School enrollment, primary, male (% gross)",SE.PRM.ENRR.MA,..,..,..,..,..,..,..,100.114120483398,..,..,..,..,102.708488464355,..,..,108.42700958252,108.208358764648,108.034439086914,106.581047058105,106.127532958984,105.177658081055,106.237968444824,..,..,..,112.523628234863,111.948402404785,115.804878234863,121.711608886719,126.70719909668,..,96.723258972168,96.3253402709961,95.9256820678711,94.9480895996094,95.0487823486328,..,95.6112594604492,97.0652236938477,96.9428176879883,97.1912307739258,99.2154998779297,99.4676208496094,102.322166442871,104.910339355469,104.566879272461,105.285850524902,104.16512298584,102.180603027344,..
Russian Federation,RUS,"School enrollment, primary, female (% gross)",SE.PRM.ENRR.FE,..,..,..,..,..,..,..,100.103996276855,..,..,..,..,102.987632751465,..,..,108.415512084961,108.170967102051,108.04084777832,106.76953125,106.334167480469,104.993827819824,105.000602722168,..,..,..,110.995010375977,110.73558807373,114.565017700195,120.526237487793,125.886077880859,..,96.3050384521484,96.3221588134766,95.9389419555664,95.2960891723633,95.6448211669922,..,96.3192901611328,97.6717681884766,97.3614883422852,97.7486419677734,99.9614410400391,99.9712371826172,101.963371276855,103.911666870117,103.676193237305,104.651710510254,103.507652282715,101.705062866211,..
Russian Federation,RUS,"School enrollment, preprimary, female (% gross)",SE.PRE.ENRR.FE,..,..,..,..,..,..,..,..,..,..,..,..,..,..,..,..,..,..,69.2714767456055,..,58.5863990783691,..,..,..,..,..,..,..,..,..,..,..,..,..,75.5295181274414,75.262809753418,..,73.9818420410156,75.4713897705078,78.0850067138672,81.5690231323242,84.3342132568359,86.1074523925781,85.8206024169922,85.3954162597656,85.4408721923828,..,..,..,..
Russian Federation,RUS,"School enrollment, preprimary, male (% gross)",SE.PRE.ENRR.MA,..,..,..,..,..,..,..,..,..,..,..,..,..,..,..,..,..,..,75.8602676391602,..,63.9997901916504,..,..,..,..,..,..,..,..,..,..,..,..,..,76.1349411010742,76.0430297851563,..,74.6937484741211,76.126579284668,78.9735565185547,82.6670074462891,85.7226104736328,88.0979919433594,87.7059326171875,87.2468566894531,86.515983581543,..,..,..,..
Japan,JPN,"School enrollment, tertiary, male (% gross)",SE.TER.ENRR.MA,32.1993293762207,34.2927894592285,36.6019287109375,37.5452117919922,40.5294303894043,40.6152992248535,40.6153907775879,39.8406410217285,39.2705688476562,38.1582794189453,37.2938804626465,37.6279907226562,35.2802200317383,34.8912315368652,35.1089782714844,35.2948913574219,34.0504302978516,34.8134803771973,34.310920715332,..,42.2266998291016,43.4862213134766,..,..,48.9596786499023,50.6093788146973,..,..,..,..,..,..,..,..,..,..,..,..,..,65.5172882080078,64.8778076171875,64.2334899902344,64.6850204467773,63.5714797973633,63.0713310241699,62.7594108581543,62.6557006835938,64.1542587280273,..,..
Japan,JPN,"School enrollment, tertiary, female (% gross)",SE.TER.ENRR.FE,14.1181297302246,16.0282497406006,17.9426403045654,19.2051200866699,20.1634197235107,20.5279407501221,20.4072208404541,20.1650104522705,20.0380306243896,19.8683204650879,19.7617893218994,20.5332202911377,19.6841106414795,20.3676605224609,21.6516799926758,22.4204406738281,22.3020000457764,22.8496799468994,24.4364395141602,..,34.4311218261719,35.874439239502,..,..,41.368839263916,42.9292297363281,..,..,..,..,..,..,..,..,..,..,..,..,..,60.0214195251465,60.4606895446777,60.6137619018555,61.6081314086914,61.2911415100098,61.2958488464355,61.4383506774902,61.5843696594238,62.1400184631348,..,..
Japan,JPN,"School enrollment, secondary, male (% gross)",SE.SEC.ENRR.MA,91.5933837890625,91.8379592895508,91.5432281494141,91.9290390014648,91.5508728027344,94.5388031005859,91.7726135253906,92.2265472412109,93.1325378417969,93.7885589599609,94.1866836547852,92.3053894042969,94.5752029418945,94.8349990844727,95.1773986816406,95.6040496826172,95.9625701904297,98.2240295410156,99.2573318481445,99.4402389526367,103.58447265625,104.170623779297,..,..,105.22550201416,105.457740783691,..,..,..,..,..,..,..,..,..,..,..,..,..,101.539863586426,101.645729064941,102.104759216309,100.803581237793,101.653968811035,102.296730041504,102.65950012207,102.859672546387,102.001960754395,..,..
Japan,JPN,"School enrollment, secondary, female (% gross)",SE.SEC.ENRR.FE,92.4777221679688,92.8992462158203,92.7579116821289,93.1314926147461,92.8072891235352,96.0332412719727,93.2817611694336,94.0808334350586,95.1480407714844,95.9256134033203,96.3842010498047,93.856689453125,96.3341674804688,96.5996475219727,97.0372924804688,97.620979309082,98.1251983642578,99.565299987793,100.647300720215,101.30509185791,104.860000610352,105.27375793457,..,..,106.207672119141,106.347290039062,..,..,..,..,..,..,..,..,..,..,..,..,..,102.034713745117,101.990669250488,102.300872802734,101.552726745605,102.124122619629,102.560302734375,102.681167602539,102.829193115234,102.317039489746,..,..
Japan,JPN,"School enrollment, primary, male (% gross)",SE.PRM.ENRR.MA,98.4283905029297,98.9426879882812,99.8929977416992,100.516441345215,101.003059387207,98.4554977416992,100.936920166016,101.112319946289,101.514343261719,102.070381164551,102.62410736084,103.231452941895,104.271797180176,104.785179138184,104.883338928223,105.140487670898,105.540077209473,105.950103759766,106.12052154541,106.42993927002,106.563301086426,106.283576965332,105.955581665039,105.633583068848,105.310173034668,104.601539611816,..,..,..,..,..,..,..,..,..,..,..,..,..,102.374488830566,102.520217895508,102.567832946777,102.313743591309,102.306190490723,102.194442749023,102.740341186523,102.874839782715,102.249206542969,..,..
Japan,JPN,"School enrollment, primary, female (% gross)",SE.PRM.ENRR.FE,98.1674575805664,98.7937316894531,99.7562866210938,100.417221069336,100.905387878418,98.2322006225586,100.857070922852,100.999397277832,101.394462585449,101.968162536621,102.506477355957,103.137817382812,104.174880981445,104.66259765625,104.739219665527,104.925521850586,105.329048156738,105.676147460938,105.838928222656,106.113159179688,106.12474822998,105.806838989258,105.608772277832,105.249618530273,104.753158569336,104.02660369873,..,..,..,..,..,..,..,..,..,..,..,..,..,102.131446838379,102.305198669434,102.26318359375,102.11531829834,102.200897216797,102.000610351562,102.559791564941,102.591979980469,102.185852050781,..,..
Japan,JPN,"School enrollment, preprimary, female (% gross)",SE.PRE.ENRR.FE,38.684700012207,39.4679489135742,39.6606292724609,39.9271011352539,40.2939109802246,40.4908714294434,41.1172218322754,40.856330871582,41.0730209350586,42.7926788330078,45.3625411987305,45.2854881286621,45.1216087341309,44.637939453125,44.7574005126953,45.4851684570313,46.8039016723633,47.378589630127,47.8587913513184,48.4196014404297,48.618839263916,48.227668762207,47.9944190979004,48.6559906005859,80.8937225341797,82.7969207763672,..,..,..,..,..,..,..,..,..,..,..,..,..,..,..,..,..,..,..,..,..,..,..,..
Japan,JPN,"School enrollment, preprimary, male (% gross)",SE.PRE.ENRR.MA,38.489990234375,39.2344017028809,39.4545707702637,39.6593894958496,40.0616416931152,40.2016487121582,40.8325881958008,40.5236396789551,40.6869812011719,42.3975791931152,44.8405685424805,44.7600898742676,44.6346588134766,44.0486907958984,44.1073799133301,44.7448310852051,45.9752388000488,46.4814605712891,46.908390045166,47.384838104248,47.6055297851563,47.1239700317383,46.888370513916,47.4806289672852,78.9792327880859,80.7868194580078,..,..,..,..,..,..,..,..,..,..,..,..,..,..,..,..,..,..,..,..,..,..,..,..
Canada,CAN,"School enrollment, tertiary, male (% gross)",SE.TER.ENRR.MA,..,..,51.124568939209,..,..,..,..,..,..,..,..,..,..,..,..,87.7016296386719,80.8678894042969,84.619758605957,86.3484420776367,80.7764205932617,83.3280181884766,83.4256134033203,81.2297973632812,..,50.9491081237793,51.2004013061523,50.2032203674316,..,49.6877784729004,..,..,..,..,53.9203605651855,54.3263092041016,53.6919403076172,52.7661895751953,54.1157188415527,54.567569732666,56.1251182556152,57.0535697937012,56.9434585571289,58.803150177002,59.7416687011719,58.9100914001465,62.0522499084473,63.1068496704102,65.5147018432617,..,..
Canada,CAN,"School enrollment, tertiary, female (% gross)",SE.TER.ENRR.FE,..,..,42.5415802001953,..,..,..,..,..,..,..,..,..,..,..,..,79.9626998901367,99.2936477661133,104.456901550293,107.099487304688,94.833122253418,96.9284973144531,97.82666015625,96.7117767333984,..,67.2671966552734,68.5362319946289,67.2707138061523,..,67.5939407348633,..,..,..,..,74.2591705322266,74.7364883422852,73.9330291748047,71.3162002563477,72.5129165649414,73.0844573974609,76.0029373168945,78.1259765625,78.6893005371094,81.0884704589844,82.3972320556641,81.1154098510742,84.4563980102539,86.0844573974609,90.9745788574219,..,..
Canada,CAN,"School enrollment, secondary, male (% gross)",SE.SEC.ENRR.MA,91.2478866577148,90.8353500366211,89.7368927001953,89.4894714355469,88.9142913818359,88.6193618774414,87.9772720336914,88.6093368530273,92.8652572631836,95.7164764404297,98.4245376586914,98.8256912231445,98.6128463745117,98.8539733886719,99.3990631103516,99.3401107788086,99.8568572998047,100.925743103027,101.881973266602,103.784942626953,104.920028686523,104.094596862793,104.348892211914,..,104.781280517578,100.953872680664,101.012237548828,..,..,..,..,101.461906433105,101.571807861328,102.530838012695,103.627380371094,104.222236633301,103.537048339844,103.515998840332,110.619491577148,111.070861816406,111.386993408203,111.579498291016,111.417068481445,111.596870422363,111.432067871094,110.962699890137,110.032341003418,109.456657409668,..,..
Canada,CAN,"School enrollment, secondary, female (% gross)",SE.SEC.ENRR.FE,92.1123809814453,91.8518600463867,91.1371078491211,91.1966705322266,90.7530975341797,90.4664001464844,90.2527008056641,90.6744232177734,94.2858505249023,95.9849014282227,98.6405181884766,99.1086196899414,98.7693023681641,98.9468231201172,99.6936874389648,101.036323547363,100.696891784668,101.452217102051,102.081008911133,103.372421264648,104.48168182373,104.128189086914,104.333282470703,..,104.330436706543,102.816497802734,103.028327941895,..,..,..,..,98.9900283813477,99.2497711181641,99.9420928955078,100.842529296875,101.646156311035,101.401901245117,102.081169128418,111.200828552246,111.995567321777,112.353302001953,112.301681518555,112.142242431641,112.01725769043,111.47477722168,110.749656677246,110.127571105957,109.207336425781,..,..
Canada,CAN,"School enrollment, primary, male (% gross)",SE.PRM.ENRR.MA,99.7368774414062,101.23518371582,100.182640075684,99.760871887207,99.4336471557617,99.0555801391602,98.9800567626953,98.686149597168,105.230918884277,105.600341796875,105.610198974609,105.265602111816,104.900230407715,104.305198669434,104.148612976074,104.768852233887,103.310882568359,103.843971252441,103.515251159668,102.864593505859,102.562057495117,102.48860168457,102.972389221191,..,98.4374618530273,98.6814270019531,99.352653503418,..,..,..,99.8387603759766,98.9354782104492,100.043098449707,99.6519317626953,98.510498046875,99.3961334228516,98.8648681640625,98.3241424560547,99.2367630004883,99.3246765136719,99.5599365234375,100.133110046387,99.164909362793,99.4368667602539,99.6328277587891,98.3252792358398,98.2093811035156,96.6536483764648,..,..
Canada,CAN,"School enrollment, primary, female (% gross)",SE.PRM.ENRR.FE,98.9411926269531,99.8990478515625,100.160781860352,99.5975112915039,99.4058303833008,99.1567077636719,99.1271896362305,98.9408264160156,103.714691162109,103.043762207031,102.776123046875,102.575630187988,102.50553894043,102.305458068848,102.272392272949,101.703239440918,102.624122619629,102.14208984375,101.75154876709,101.295059204102,100.988571166992,101.12336730957,101.632522583008,..,98.3240127563477,98.7224197387695,99.4860916137695,..,..,..,98.9790267944336,98.2066116333008,99.4634628295898,99.4133605957031,98.6847686767578,99.7971420288086,99.39013671875,98.8007125854492,99.6556167602539,99.3787307739258,99.4354705810547,99.5374603271484,97.9061126708984,98.0870208740234,98.3856201171875,97.2296676635742,97.2471237182617,95.9162292480469,..,..
Canada,CAN,"School enrollment, preprimary, female (% gross)",SE.PRE.ENRR.FE,46.5352897644043,53.558650970459,56.2943801879883,55.9465103149414,53.5248908996582,..,52.8050994873047,55.9216194152832,54.9106292724609,55.7863616943359,55.8426513671875,56.8359107971191,57.8579216003418,58.4052085876465,59.0596008300781,59.8507995605469,61.8734397888184,61.1007118225098,62.5083694458008,61.7018203735352,62.6347503662109,63.7555694580078,64.2955780029297,..,..,..,..,..,..,..,..,..,..,..,..,..,..,..,..,..,..,..,..,..,48.2933387756348,..,48.561939239502,..,..,..
Canada,CAN,"School enrollment, preprimary, male (% gross)",SE.PRE.ENRR.MA,46.9658699035645,54.0050010681152,56.7307891845703,56.37548828125,53.895881652832,..,52.8765182495117,55.654670715332,54.9518508911133,56.0262489318848,56.0324516296387,57.475399017334,57.8376617431641,58.2615509033203,59.0449485778809,59.8694190979004,62.358829498291,61.2222518920898,62.4943008422852,61.7562408447266,62.7655487060547,64.1009902954102,64.5792007446289,..,..,..,..,..,..,..,..,..,..,..,..,..,..,..,..,..,..,..,..,..,49.2148895263672,..,49.2616806030273,..,..,..
Austria,AUT,"School enrollment, tertiary, male (% gross)",SE.TER.ENRR.MA,19.4405307769775,19.88623046875,22.0252895355225,22.7852802276611,22.7809791564941,23.3337898254395,24.10791015625,24.9204006195068,24.4557991027832,24.6099300384521,25.5455303192139,27.2346897125244,28.3953990936279,29.6784801483154,31.5298690795898,33.1247482299805,34.9733390808105,37.2959785461426,40.5758018493652,42.5735015869141,44.9975509643555,47.7225799560547,50.2559204101562,51.6062393188477,53.5982284545898,..,..,..,..,..,..,..,..,..,..,..,..,..,..,73.6377334594727,73.9486236572266,74.9949417114258,75.2818908691406,76.1750106811523,77.8700866699219,77.816650390625,79.6415100097656,83.3328018188477,..,..
Austria,AUT,"School enrollment, tertiary, female (% gross)",SE.TER.ENRR.FE,10.6497297286987,11.696590423584,13.6145401000977,14.5447797775269,15.3718004226685,16.2905902862549,17.4031295776367,18.3775997161865,18.724739074707,19.6684494018555,20.809700012207,22.7470397949219,24.3087196350098,25.6123104095459,27.6136894226074,28.934419631958,30.7633094787598,32.2944602966309,35.5078582763672,37.8486213684082,40.6989517211914,44.5915184020996,48.1068305969238,50.2760887145996,53.5244789123535,..,..,..,..,..,..,..,..,..,..,..,..,..,..,88.642448425293,88.4313507080078,89.9054870605469,90.9407424926758,92.1069183349609,94.4988479614258,95.4495697021484,98.3636474609375,105.239669799805,..,..
Austria,AUT,"School enrollment, secondary, male (% gross)",SE.SEC.ENRR.MA,..,..,95.6440124511719,..,..,..,..,98.6824493408203,96.3356628417969,98.4137878417969,98.90869140625,99.8322296142578,104.318832397461,106.165100097656,106.809219360352,106.053382873535,107.4599609375,106.50163269043,106.739967346191,106.738098144531,107.48210144043,108.117393493652,107.873947143555,107.208480834961,100.304328918457,100.679382324219,100.743476867676,100.845710754395,101.287101745605,101.745429992676,101.881813049316,102.488342285156,102.311408996582,102.000526428223,102.145370483398,102.769836425781,102.148429870605,101.661102294922,101.955093383789,102.827919006348,103.096817016602,103.01985168457,101.259666442871,101.747909545898,102.342697143555,102.957046508789,103.020736694336,103.46688079834,102.406852722168,..
Austria,AUT,"School enrollment, secondary, female (% gross)",SE.SEC.ENRR.FE,..,..,84.5523910522461,..,..,..,..,88.1368408203125,87.7517013549805,89.0207214355469,89.3935470581055,92.3591384887695,94.786491394043,95.4584274291992,97.0510101318359,97.9362716674805,98.5304794311523,98.8182373046875,99.4294967651367,100.169830322266,101.377372741699,101.77555847168,102.050750732422,102.113067626953,94.6171188354492,95.833869934082,96.3779373168945,96.7734069824219,96.4945831298828,96.9213027954102,96.5513229370117,97.7880630493164,98.4202194213867,98.1064224243164,98.0029373168945,98.306266784668,98.2814788818359,97.5853881835938,98.1663970947266,99.4306716918945,99.4170379638672,99.7147521972656,99.1238174438477,98.8336181640625,98.9431686401367,100.049346923828,100.287178039551,101.08470916748,100.453628540039,..
Austria,AUT,"School enrollment, primary, male (% gross)",SE.PRM.ENRR.MA,101.970352172852,102.165519714355,102.248519897461,103.463539123535,101.969551086426,102.383186340332,102.440048217773,101.527442932129,101.307456970215,101.142379760742,100.526756286621,99.9534072875977,102.561042785645,100.345512390137,99.7650985717773,99.3675308227539,98.8807983398438,99.5718994140625,102.096733093262,103.280830383301,103.248558044434,103.234062194824,103.157379150391,102.451820373535,101.850540161133,102.077476501465,102.438690185547,103.047462463379,103.432228088379,102.935913085938,102.96484375,102.383308410645,102.86750793457,103.473037719727,102.968551635742,101.854759216309,101.384841918945,100.915061950684,100.789329528809,101.367942810059,101.491966247559,101.738136291504,100.839218139648,101.461097717285,101.720108032227,102.327583312988,101.991371154785,101.958152770996,101.142959594727,..
Austria,AUT,"School enrollment, primary, female (% gross)",SE.PRM.ENRR.FE,101.670181274414,101.775390625,101.477363586426,103.031860351562,101.317749023438,101.455383300781,101.646507263184,100.484718322754,100.262161254883,100.612861633301,99.9461517333984,99.5299682617188,100.975257873535,99.442756652832,98.8646926879883,98.4107513427734,98.4695129394531,99.0513000488281,101.489318847656,102.890480041504,102.562057495117,102.600708007812,102.103172302246,101.295448303223,100.813667297363,100.97679901123,101.270492553711,101.86499786377,102.157829284668,101.80647277832,102.497276306152,101.777389526367,101.726783752441,102.035339355469,101.526191711426,100.842010498047,100.256912231445,100.182289123535,99.8584976196289,100.094581604004,100.424949645996,100.440399169922,99.9959335327148,100.728820800781,100.999420166016,101.191581726074,101.103019714355,101.30931854248,100.384559631348,..
Austria,AUT,"School enrollment, preprimary, female (% gross)",SE.PRE.ENRR.FE,38.3167304992676,41.8625984191895,45.278621673584,48.2403182983398,53.4311218261719,58.1076507568359,61.0017318725586,62.341869354248,62.790699005127,64.0105819702148,65.5251007080078,68.0090789794922,72.0007171630859,73.9929428100586,72.9330825805664,70.9929275512695,71.3200607299805,71.7966384887695,72.7785034179688,75.0166625976563,78.133171081543,78.1489105224609,78.8927688598633,79.6735763549805,79.4537887573242,78.7725067138672,79.8827667236328,81.5035095214844,83.5226211547852,86.1720809936523,87.8400573730469,88.5623931884766,89.4444885253906,90.7831115722656,93.6049880981445,97.6626968383789,100.481719970703,100.688079833984,103.050270080566,99.9055328369141,100.614028930664,103.511749267578,103.980522155762,103.822257995605,102.783012390137,102.221313476563,102.607238769531,..,..,..
Austria,AUT,"School enrollment, preprimary, male (% gross)",SE.PRE.ENRR.MA,38.8049011230469,41.7945404052734,45.1273002624512,48.1118392944336,53.4978981018066,58.0868797302246,60.8012886047363,61.7421188354492,62.8905487060547,64.0622329711914,65.8247985839844,68.307243347168,71.987190246582,73.9914627075195,72.8096313476563,71.0542373657227,71.6929473876953,72.3870620727539,73.4250793457031,75.9391174316406,79.0305023193359,79.0943832397461,79.7963104248047,80.6630935668945,80.3219223022461,79.2957077026367,79.919563293457,81.5214309692383,83.6860122680664,86.345458984375,88.6236190795898,89.3392105102539,90.3739624023438,91.5634689331055,94.1791381835938,96.7367172241211,100.965316772461,100.934066772461,104.118377685547,100.457153320313,101.403617858887,101.604843139648,104.451759338379,104.911911010742,103.783340454102,103.156547546387,103.091743469238,..,..,..
Switzerland,CHE,"School enrollment, tertiary, male (% gross)",SE.TER.ENRR.MA,..,..,..,23.6055297851562,24.1264991760254,24.834400177002,25.1548500061035,25.3610095977783,25.3840599060059,24.9350395202637,25.5731792449951,27.9264698028564,28.3703498840332,29.8039798736572,31.1829204559326,31.9440402984619,33.7606315612793,35.2633399963379,37.1393089294434,38.4930801391602,39.8599510192871,40.5534515380859,41.5471992492676,..,42.8195381164551,43.8498191833496,43.4354286193848,44.6169509887695,45.0280418395996,47.7786903381348,49.1816711425781,48.4797096252441,48.6778717041016,49.6682891845703,49.876049041748,50.0208511352539,53.0815696716309,53.13037109375,54.752269744873,55.8067512512207,57.6541786193848,59.9087982177734,60.4229316711426,60.9707717895508,62.5908317565918,64.1319808959961,65.1489181518555,68.1090698242188,69.7369384765625,..
Switzerland,CHE,"School enrollment, tertiary, female (% gross)",SE.TER.ENRR.FE,..,..,..,8.6057300567627,9.03468990325928,9.57367992401123,10.2526197433472,10.9903001785278,11.5261898040771,11.9963903427124,12.6256704330444,13.3441600799561,13.7898902893066,14.482310295105,14.8267297744751,15.7834901809692,17.7891407012939,18.9633007049561,20.2245502471924,21.6546897888184,23.1691493988037,24.1416397094727,25.1605701446533,..,30.1510105133057,31.8522491455078,32.7182884216309,33.7478408813477,34.8213500976562,38.2751998901367,40.5377311706543,41.9665794372559,43.8486404418945,45.928409576416,49.4976196289062,50.5931816101074,52.520679473877,53.1403388977051,54.921630859375,56.568531036377,58.4896507263184,61.7639312744141,61.9978904724121,64.0415267944336,66.2318420410156,68.6342697143555,71.1914291381836,75.9534072875977,78.8906402587891,..
Switzerland,CHE,"School enrollment, secondary, male (% gross)",SE.SEC.ENRR.MA,..,..,..,..,97.9702835083008,97.6253509521484,97.6962127685547,97.8316268920898,97.6365127563477,98.4088668823242,100.106758117676,100.692192077637,101.061988830566,101.013740539551,101.205932617188,101.263290405273,102.129066467285,102.080368041992,103.35131072998,104.082397460938,104.745109558105,103.818710327148,102.475852966309,..,98.3332595825195,98.1276016235352,97.4710464477539,97.2741394042969,96.5037231445312,96.0661315917969,96.0845718383789,96.4403610229492,96.7774887084961,97.3217620849609,97.4493713378906,97.5510864257812,97.880126953125,98.7040023803711,99.943962097168,102.578750610352,..,105.534141540527,105.867141723633,105.558456420898,106.005348205566,106.08464050293,106.226257324219,105.415946960449,105.161247253418,..
Switzerland,CHE,"School enrollment, secondary, female (% gross)",SE.SEC.ENRR.FE,..,..,..,..,85.3675003051758,87.1203231811523,87.9642868041992,88.1946411132812,88.5751495361328,89.3854064941406,91.10888671875,91.9547271728516,92.3206634521484,93.1248779296875,93.843879699707,94.7823028564453,95.5490570068359,96.0377578735352,97.9997024536133,97.2274398803711,98.5156936645508,97.8017807006836,96.5770416259766,..,90.9069519042969,91.2665634155273,91.4543914794922,92.095100402832,90.531982421875,90.4961929321289,90.2133483886719,91.0430221557617,91.4252090454102,92.7012786865234,93.4715118408203,94.0488586425781,95.2613372802734,95.6100234985352,96.7207107543945,99.7940216064453,..,102.201698303223,102.22403717041,102.139213562012,102.257682800293,101.935157775879,102.080001831055,101.687019348145,101.519386291504,..
Switzerland,CHE,"School enrollment, primary, male (% gross)",SE.PRM.ENRR.MA,91.0165328979492,90.4517211914062,90.577766418457,83.9802627563477,86.3336868286133,85.9955368041992,85.5566482543945,85.0456466674805,84.8828582763672,84.0985336303711,83.8737182617188,83.6715774536133,83.8398132324219,84.0997695922852,84.7053909301758,85.7181167602539,87.0020294189453,87.9497528076172,88.5239562988281,94.1054534912109,93.5538864135742,95.7119674682617,97.3325881958008,..,104.17896270752,103.973587036133,103.974617004395,103.367126464844,104.224838256836,104.351638793945,104.441673278809,104.159858703613,104.298629760742,104.12158203125,104.226547241211,103.71021270752,103.459289550781,102.980667114258,102.575202941895,102.694526672363,102.608818054199,102.364547729492,102.128936767578,102.013259887695,101.999839782715,101.671966552734,101.88639831543,101.583587646484,101.411529541016,..
Switzerland,CHE,"School enrollment, primary, female (% gross)",SE.PRM.ENRR.FE,92.3764038085938,92.0389099121094,92.1706924438477,85.1659393310547,87.4520416259766,86.7064666748047,86.3645095825195,85.9616165161133,85.6304168701172,85.1870880126953,84.7749328613281,84.512077331543,84.6126708984375,84.9963836669922,85.4771423339844,86.5127334594727,87.947998046875,88.8101501464844,90.0445404052734,93.5549011230469,93.2340774536133,95.1112594604492,97.1558303833008,..,103.863021850586,103.919708251953,104.341758728027,103.860038757324,103.766448974609,103.95329284668,103.848411560059,103.665260314941,103.939117431641,103.781982421875,103.940483093262,103.554847717285,103.322357177734,101.956008911133,101.662452697754,102.166778564453,102.32544708252,101.936080932617,101.663467407227,101.643341064453,101.665603637695,101.509658813477,101.568092346191,101.366889953613,101.311798095703,..
Switzerland,CHE,"School enrollment, preprimary, female (% gross)",SE.PRE.ENRR.FE,..,..,..,65.0624618530273,69.7728729248047,71.8855133056641,74.401481628418,77.0912322998047,79.2719802856445,82.0395202636719,82.6609268188477,84.6598129272461,86.8860778808594,89.2880783081055,91.7596130371094,91.1067276000977,89.9663772583008,90.8988037109375,90.2075881958008,92.1244201660156,93.7511215209961,95.9077377319336,96.6614227294922,..,95.0344467163086,92.4533309936523,92.4159164428711,92.0064468383789,92.9567031860352,94.4007568359375,94.7845077514648,98.1966934204102,99.7978591918945,99.5271377563477,100.492050170898,102.422790527344,99.3205337524414,100.385513305664,99.4975433349609,102.341499328613,104.578193664551,104.177207946777,104.668266296387,103.106430053711,101.767143249512,101.835868835449,102.304023742676,..,..,..
Switzerland,CHE,"School enrollment, preprimary, male (% gross)",SE.PRE.ENRR.MA,..,..,..,71.377082824707,70.5361328125,72.4515380859375,74.7011108398438,77.1934432983398,78.6079177856445,82.094841003418,83.6330032348633,85.8044967651367,88.0588912963867,90.5932083129883,92.5326614379883,91.4801025390625,90.9941864013672,90.9429397583008,90.5456924438477,93.3890075683594,95.4423065185547,97.927619934082,98.1955413818359,..,95.0938720703125,92.8392562866211,92.3820571899414,91.782958984375,92.7694320678711,93.7777328491211,94.7295837402344,98.5482177734375,100.757637023926,100.523490905762,100.409507751465,102.19206237793,98.7198715209961,99.3920288085938,99.3431777954102,103.300689697266,106.291969299316,105.671607971191,105.327919006348,104.046356201172,103.799667358398,103.506202697754,103.410766601563,..,..,..
,,,,,,,,,,,,,,,,,,,,,,,,,,,,,,,,,,,,,,,,,,,,,,,,,,,,,
,,,,,,,,,,,,,,,,,,,,,,,,,,,,,,,,,,,,,,,,,,,,,,,,,,,,,
,,,,,,,,,,,,,,,,,,,,,,,,,,,,,,,,,,,,,,,,,,,,,,,,,,,,,
Data from database: World Development Indicators,,,,,,,,,,,,,,,,,,,,,,,,,,,,,,,,,,,,,,,,,,,,,,,,,,,,,
Last Updated: 09/19/2024,,,,,,,,,,,,,,,,,,,,,,,,,,,,,,,,,,,,,,,,,,,,,,,,,,,,,
